<?xml version="1.0" encoding="UTF-8"?>
<project-private xmlns="http://www.netbeans.org/ns/project-private/1">
    <editor-bookmarks xmlns="http://www.netbeans.org/ns/editor-bookmarks/2" lastBookmarkId="0"/>
    <open-files xmlns="http://www.netbeans.org/ns/projectui-open-files/2">
        <group>
            <file>file:/Users/ianMJ/Documents/ESCOM/sexto_semestre/micros/microcontroladores/Reloj.X/principal.c</file>
            <file>file:/Users/ianMJ/Documents/ESCOM/sexto_semestre/micros/microcontroladores/Reloj.X/retardos.s</file>
            <file>file:/Users/ianMJ/Documents/ESCOM/sexto_semestre/micros/microcontroladores/Reloj.X/LCD.s</file>
            <file>file:/Users/ianMJ/Documents/ESCOM/sexto_semestre/micros/microcontroladores/Reloj.X/funciones.s</file>
        </group>
    </open-files>
</project-private>
